shape_id,x,y,z,id,platform_name,station_name,type,op_year
0,1.302880042,103.8050437,0,7,SC5,Sheldon,MRT,2011
1,1.293224593,103.8307521,0,6,NS3,Marlboro,MRT,2011
2,1.270470636,103.7975697,0,5,SC1,Juniper,MRT,2011
3,1.277567498,103.8221906,0,4,NS2/SC2,Basswood,MRT,2011
4,1.2636424,103.8219995,0,3,NS1,Clinton,MRT,2010
5,1.282909837,103.8410264,0,2,SC3,Sunland,MRT,2010
6,1.299713882,103.8363934,0,1,NS4/SC4,Jaya,MRT,2010/2011
7,1.311261528,103.8436131,0,8,NS5,Peony,MRT,2010
